epoch,step,train_loss_step
17,2999,0.059391140937805176
17,3009,0.06608632951974869
17,3019,0.08722028136253357
17,3029,0.036480676382780075
